"ID",Description,GeneRatio,BgRatio,pvalue,p.adjust,qvalue,geneID,Count,enrRatio,rank
hsa05210,hsa05210,Colorectal cancer,42/461,86/7946,1.18E-29,1.80E-27,7.79E-28,AKT1/APC/BAK1/BAX/BCL2/BRAF/CASP3/CASP9/CCND1/CDKN1A/CTNNB1/CYCS/EGF/EGFR/EREG/GADD45A/GSK3B/HRAS/JUN/KRAS/MAPK8/MLH1/MSH2/MSH6/MTOR/MYC/RAC1/RAF1/RHOA/TGFB1/TP53/BIRC5/DDB2/FOS/GADD45B/MAP2K1/MAP2K2/NRAS/PIK3CB/RALA/SMAD2/TGFA,42,8.417797508,
hsa05161,hsa05161,Hepatitis B,56/461,162/7946,1.30E-29,1.80E-27,7.79E-28,AKT1/ATF2/BAX/BCL2/BRAF/CASP3/CASP8/CASP9/CCNA2/CCNE1/CDK2/CDKN1A/CREB1/CYCS/E2F1/EGR3/FAS/FASLG/HRAS/IFNA13/IFNB1/IKBKB/IL6/JAK2/JUN/KRAS/MAPK14/MAPK8/MMP9/MYC/NFKB1/NFKBIA/PCNA/PTK2B/RAF1/RB1/SRC/STAT1/STAT3/TGFB1/TNF/TP53/BIRC5/CCNA1/CXCL8/DDB2/EP300/FOS/MAP2K1/MAP2K2/NFATC2/NRAS/PIK3CB/PRKCA/TBK1/TLR4,56,5.958276425,
hsa04218,hsa04218,Cellular senescence,54/461,160/7946,5.65E-28,4.31E-26,1.86E-26,AKT1/ATM/ATR/CCNA2/CCND1/CCNE1/CDC25A/CDK1/CDK2/CDK4/CDKN1A/CHEK1/CHEK2/E2F1/GADD45A/HLA-E/HRAS/HUS1/IL1A/IL6/KRAS/MAPK14/MDM2/MRE11/MTOR/MYC/NBN/NFKB1/PTEN/RAD1/RAD50/RAD9A/RAF1/RB1/SIRT1/TGFB1/TP53/CCNA1/CDKN2A/CXCL8/E2F4/EIF4EBP1/FOXM1/FOXO3/GADD45B/HIPK2/MAP2K1/MAP2K2/NFATC2/NRAS/PIK3CB/PPP1CC/SERPINE1/SMAD2,54,5.817299349,1
hsa05167,hsa05167,Kaposi sarcoma-associated herpesvirus infection,58/461,186/7946,6.21E-28,4.31E-26,1.86E-26,AKT1/BAK1/BAX/CASP3/CASP8/CASP9/CCND1/CDK4/CDKN1A/CREB1/CSF2/CTNNB1/CYCS/E2F1/FAS/GSK3B/HIF1A/HLA-E/HRAS/ICAM1/IFNA13/IFNB1/IKBKB/IL6/JAK2/JUN/KRAS/MAPK14/MAPK8/MTOR/MYC/NFKB1/NFKBIA/PIK3C3/PTGS2/RAC1/RAF1/RB1/SRC/STAT1/STAT3/TP53/VEGFA/CXCL1/CXCL8/EP300/FGF2/FOS/LYN/MAP2K1/MAP2K2/NFATC2/NRAS/PIK3CB/PLCG2/TBK1/TNFRSF1A/TRAF2,58,5.374804656,
hsa05205,hsa05205,Proteoglycans in cancer,60/461,204/7946,2.45E-27,1.36E-25,5.88E-26,ACTB/ACTG1/AKT1/BRAF/CASP3/CAV1/CCND1/CDKN1A/CTNNB1/EGFR/ERBB2/ESR1/FAS/FASLG/HGF/HIF1A/HRAS/IGF1/IGF1R/ITGB1/KDR/KRAS/MAPK14/MDM2/MMP2/MMP9/MTOR/MYC/PTCH1/PTK2/RAC1/RAF1/RHOA/SRC/STAT3/TGFB1/TNF/TP53/VEGFA/CAMK2A/CAMK2G/ERBB3/FGF2/FGFR1/FLNA/FN1/ITGA5/MAP2K1/MAP2K2/NRAS/PAK1/PIK3CB/PLAUR/PLCG2/PPP1CC/PRKCA/PXN/SHH/SMAD2/TLR4,60,5.069541917,
hsa05212,hsa05212,Pancreatic cancer,37/461,76/7946,3.64E-26,1.69E-24,7.28E-25,AKT1/BAK1/BAX/BCL2L1/BRAF/BRCA2/CASP9/CCND1/CDK4/CDKN1A/E2F1/EGF/EGFR/ERBB2/GADD45A/IKBKB/KRAS/MAPK8/MTOR/NFKB1/RAC1/RAD51/RAF1/RB1/STAT1/STAT3/TGFB1/TP53/VEGFA/CDKN2A/DDB2/GADD45B/MAP2K1/PIK3CB/RALA/SMAD2/TGFA,37,8.391425962,
hsa04210,hsa04210,Apoptosis,48/461,136/7946,6.22E-26,2.47E-24,1.07E-24,ACTB/ACTG1/AKT1/ATM/BAK1/BAX/BCL2/BCL2L1/CASP3/CASP8/CASP9/CYCS/DAB2IP/FAS/FASLG/GADD45A/HRAS/IKBKB/IL3/JUN/KRAS/MAPK8/MCL1/NFKB1/NFKBIA/PARP1/RAF1/TNF/TP53/BIRC3/BIRC5/CASP2/DAXX/DIABLO/EIF2AK3/FOS/GADD45B/MAP2K1/MAP2K2/NRAS/PARP2/PIDD1/PIK3CB/PTPN13/TNFRSF10A/TNFRSF1A/TRAF2/XIAP,48,6.0834503,2
hsa05163,hsa05163,Human cytomegalovirus infection,60/461,225/7946,7.96E-25,2.76E-23,1.19E-23,AKT1/ATF2/BAK1/BAX/CASP3/CASP8/CASP9/CCL4/CCND1/CDK4/CDKN1A/CREB1/CTNNB1/CYCS/E2F1/EGFR/FAS/FASLG/GSK3B/HLA-E/HRAS/IFNA13/IFNB1/IKBKB/IL1B/IL6/KRAS/MAPK14/MDM2/MTOR/MYC/NFKB1/NFKBIA/PTGS2/PTK2/PTK2B/RAC1/RAF1/RB1/RHOA/SP1/SRC/STAT3/TNF/TP53/VEGFA/CALR/CDKN2A/CXCL8/EIF4EBP1/MAP2K1/MAP2K2/NFATC2/NRAS/PIK3CB/PRKCA/PXN/TBK1/TNFRSF1A/TRAF2,60,4.596384671,
hsa05215,hsa05215,Prostate cancer,40/461,97/7946,9.28E-25,2.87E-23,1.24E-23,AKT1/AR/BCL2/BRAF/CASP9/CCND1/CCNE1/CDK2/CDKN1A/CREB1/CTNNB1/E2F1/EGF/EGFR/ERBB2/GSK3B/HRAS/HSP90AA1/IGF1/IGF1R/IKBKB/KRAS/MDM2/MMP9/MTOR/NFKB1/NFKBIA/PLAT/PTEN/RAF1/RB1/TP53/EP300/FGFR1/MAP2K1/MAP2K2/NRAS/PDGFA/PIK3CB/TGFA,40,7.107811347,
hsa05166,hsa05166,Human T-cell leukemia virus 1 infection,59/461,219/7946,1.13E-24,3.15E-23,1.36E-23,AKT1/ATF2/ATM/ATR/BAX/BCL2L1/CCNA2/CCND1/CCNE1/CD4/CD40/CDK2/CDK4/CDKN1A/CHEK1/CHEK2/CREB1/CSF2/E2F1/EGR1/HLA-DRB1/HLA-E/HRAS/ICAM1/IKBKB/IL2/IL6/JUN/KAT5/KRAS/LCK/MAPK8/MYC/NFKB1/NFKBIA/POLB/PTEN/RB1/RELB/TERT/TGFB1/TNF/TP53/TSPO/CALR/CCNA1/CDC16/CDKN2A/EP300/FOS/MAP2K1/MAP2K2/NFATC2/NRAS/PIK3CB/PTTG1/SMAD2/TNFRSF1A/XIAP,59,4.643607801,
hsa05218,hsa05218,Melanoma,34/461,72/7946,1.44E-23,3.64E-22,1.57E-22,AKT1/BAK1/BAX/BRAF/CCND1/CDH1/CDK4/CDKN1A/E2F1/EGF/EGFR/GADD45A/HGF/HRAS/IGF1/IGF1R/KRAS/MDM2/PTEN/RAF1/RB1/TP53/CDKN2A/DDB2/FGF2/FGF20/FGF4/FGFR1/GADD45B/MAP2K1/MAP2K2/NRAS/PDGFA/PIK3CB,34,8.139431188,3
hsa04151,hsa04151,PI3K-Akt signaling pathway,74/461,354/7946,2.23E-23,5.16E-22,2.23E-22,AKT1/ANGPT1/ATF2/BCL2/BCL2L1/BRCA1/CASP9/CCND1/CCNE1/CDK2/CDK4/CDKN1A/CREB1/CSF3/EGF/EGFR/ERBB2/EREG/FASLG/GSK3B/HGF/HRAS/HSP90AA1/IFNA13/IFNB1/IGF1/IGF1R/IKBKB/IL2/IL3/IL6/IRS1/ITGB1/JAK2/KDR/KIT/KRAS/MCL1/MDM2/MTOR/MYC/NFKB1/PTEN/PTK2/RAC1/RAF1/TP53/VEGFA/DDIT4/EIF4EBP1/EPOR/ERBB3/FGF2/FGF20/FGF4/FGFR1/FLT3/FN1/FOXO3/GH2/IL4/ITGA5/ITGA6/MAP2K1/MAP2K2/NOS3/NRAS/PDGFA/PIK3CB/PRKCA/STK11/TGFA/TLR4/TNC,74,3.603098153,
hsa01521,hsa01521,EGFR tyrosine kinase inhibitor resistance,35/461,79/7946,4.63E-23,9.19E-22,3.97E-22,AKT1/BAX/BCL2/BCL2L1/BRAF/EGF/EGFR/ERBB2/GSK3B/HGF/HRAS/IGF1/IGF1R/IL6/JAK2/KDR/KRAS/MTOR/PTEN/RAF1/SRC/STAT3/VEGFA/EIF4EBP1/ERBB3/FGF2/FOXO3/MAP2K1/MAP2K2/NRAS/PDGFA/PIK3CB/PLCG2/PRKCA/TGFA,35,7.636398583,4
hsa04933,hsa04933,AGE-RAGE signaling pathway in diabetic complications,39/461,100/7946,4.33E-23,9.19E-22,3.97E-22,AGT/AKT1/BAX/BCL2/CASP3/CCND1/CDK4/EGR1/HRAS/ICAM1/IL1A/IL1B/IL6/JAK2/JUN/KRAS/MAPK14/MAPK8/MMP2/NFKB1/RAC1/STAT1/STAT3/TGFB1/TNF/VEGFA/CXCL8/FN1/NOS3/NOX1/NRAS/PIK3CB/PLCG2/PRKCA/PRKCE/SELE/SERPINE1/SMAD2/VCAM1,39,6.722212581,
hsa04110,hsa04110,Cell cycle,43/461,124/7946,5.80E-23,1.07E-21,4.64E-22,ABL1/ATM/ATR/CCNA2/CCND1/CCNE1/CCNH/CDC25A/CDC25C/CDK1/CDK2/CDK4/CDKN1A/CHEK1/CHEK2/E2F1/GADD45A/GSK3B/MDM2/MYC/PCNA/PLK1/PRKDC/RAD21/RB1/SMC1A/SMC3/TGFB1/TP53/CCNA1/CDC16/CDC25B/CDC6/CDKN2A/DBF4/E2F4/EP300/GADD45B/HDAC1/MCM3/PTTG1/SMAD2/WEE1,43,5.977153453,5
hsa05214,hsa05214,Glioma,34/461,75/7946,7.75E-23,1.35E-21,5.81E-22,AKT1/BAK1/BAX/BRAF/CCND1/CDK4/CDKN1A/E2F1/EGF/EGFR/GADD45A/HRAS/IGF1/IGF1R/KRAS/MDM2/MTOR/PTEN/RAF1/RB1/TP53/CAMK2A/CAMK2G/CDKN2A/DDB2/GADD45B/MAP2K1/MAP2K2/NRAS/PDGFA/PIK3CB/PLCG2/PRKCA/TGFA,34,7.813853941,
hsa05213,hsa05213,Endometrial cancer,30/461,58/7946,2.07E-22,3.39E-21,1.46E-21,AKT1/APC/BAK1/BAX/BRAF/CASP9/CCND1/CDH1/CDKN1A/CTNNB1/EGF/EGFR/ERBB2/GADD45A/GSK3B/HRAS/ILK/KRAS/MLH1/MYC/PTEN/RAF1/TP53/DDB2/FOXO3/GADD45B/MAP2K1/MAP2K2/NRAS/PIK3CB,30,8.915401302,
hsa05219,hsa05219,Bladder cancer,25/461,41/7946,2.84E-21,4.15E-20,1.79E-20,BRAF/CCND1/CDH1/CDK4/CDKN1A/E2F1/EGF/EGFR/ERBB2/HRAS/KRAS/MDM2/MMP2/MMP9/MYC/RAF1/RB1/SRC/TP53/VEGFA/CDKN2A/CXCL8/MAP2K1/MAP2K2/NRAS,25,10.51002592,
hsa05160,hsa05160,Hepatitis C,46/461,155/7946,2.75E-21,4.15E-20,1.79E-20,AKT1/BAK1/BAX/BRAF/CASP3/CASP8/CASP9/CCND1/CDK2/CDK4/CDKN1A/CTNNB1/CYCS/E2F1/EGF/EGFR/FAS/FASLG/GSK3B/HRAS/IFNA13/IFNB1/IFNG/IKBKB/KRAS/MYC/NFKB1/NFKBIA/PPARA/RAF1/RB1/STAT1/STAT3/TNF/TP53/EIF2AK3/MAP2K1/MAP2K2/NRAS/OCLN/PIAS1/PIK3CB/SOCS3/TBK1/TNFRSF1A/TRAF2,46,5.115331327,
hsa04115,hsa04115,p53 signaling pathway,32/461,72/7946,3.15E-21,4.38E-20,1.89E-20,ATM/ATR/BAX/BCL2/BCL2L1/CASP3/CASP8/CASP9/CCND1/CCNE1/CDK1/CDK2/CDK4/CDKN1A/CHEK1/CHEK2/CYCS/FAS/GADD45A/IGF1/MDM2/PPM1D/PTEN/RRM2B/TP53/CDKN2A/DDB2/GADD45B/PIDD1/SERPINE1/SESN2/TP73,32,7.660641118,6
hsa05223,hsa05223,Non-small cell lung cancer,30/461,66/7946,2.55E-20,3.37E-19,1.46E-19,AKT1/BAK1/BAX/BRAF/CASP9/CCND1/CDK4/CDKN1A/E2F1/EGF/EGFR/ERBB2/GADD45A/HRAS/KRAS/RAF1/RB1/STAT3/TP53/CDKN2A/DDB2/FOXO3/GADD45B/MAP2K1/MAP2K2/NRAS/PIK3CB/PLCG2/PRKCA/TGFA,30,7.834746598,
hsa05170,hsa05170,Human immunodeficiency virus 1 infection,52/461,212/7946,8.28E-20,1.05E-18,4.52E-19,AKT1/ATM/ATR/BAK1/BAX/BCL2/BCL2L1/CASP3/CASP8/CASP9/CD4/CDC25C/CDK1/CHEK1/CYCS/FAS/FASLG/HLA-E/HRAS/IFNA13/IFNB1/IKBKB/JUN/KRAS/MAPK14/MAPK8/MTOR/NFKB1/NFKBIA/PTK2/PTK2B/RAC1/RAF1/TNF/APOBEC3G/CALR/FOS/MAP2K1/MAP2K2/NFATC2/NRAS/PAK1/PAK2/PIK3CB/PLCG2/PRKCA/PXN/TBK1/TLR4/TNFRSF1A/TRAF2/WEE1,52,4.227806655,
hsa05224,hsa05224,Breast cancer,43/461,147/7946,1.09E-19,1.32E-18,5.70E-19,AKT1/APC/BAK1/BAX/BRAF/BRCA1/BRCA2/CCND1/CDK4/CDKN1A/CTNNB1/E2F1/EGF/EGFR/ERBB2/ESR1/GADD45A/GSK3B/HRAS/IGF1/IGF1R/JUN/KIT/KRAS/MTOR/MYC/NOTCH2/PTEN/RAF1/RB1/SP1/TP53/DDB2/FGF2/FGF20/FGF4/FGFR1/FOS/GADD45B/MAP2K1/MAP2K2/NRAS/PIK3CB,43,5.041952573,
hsa05222,hsa05222,Small cell lung cancer,34/461,92/7946,2.21E-19,2.56E-18,1.10E-18,AKT1/BAK1/BAX/BCL2/BCL2L1/CASP3/CASP9/CCND1/CCNE1/CDK2/CDK4/CDKN1A/CYCS/E2F1/GADD45A/IKBKB/ITGB1/MYC/NFKB1/NFKBIA/NOS2/PTEN/PTGS2/PTK2/RB1/TP53/BIRC3/DDB2/FN1/GADD45B/ITGA6/PIK3CB/TRAF2/XIAP,34,6.369989626,
hsa01522,hsa01522,Endocrine resistance,35/461,98/7946,2.34E-19,2.61E-18,1.12E-18,AKT1/BAX/BCL2/BRAF/CCND1/CDK4/CDKN1A/E2F1/EGFR/ERBB2/ESR1/HRAS/IGF1/IGF1R/JUN/KRAS/MAPK14/MAPK8/MDM2/MMP2/MMP9/MTOR/NOTCH2/PTK2/RAF1/RB1/SP1/SRC/TP53/CDKN2A/FOS/MAP2K1/MAP2K2/NRAS/PIK3CB,35,6.155872327,7
hsa05220,hsa05220,Chronic myeloid leukemia,31/461,76/7946,2.96E-19,3.17E-18,1.37E-18,ABL1/AKT1/BAK1/BAX/BCL2L1/BCR/BRAF/CCND1/CDK4/CDKN1A/E2F1/GADD45A/HRAS/IKBKB/KRAS/MDM2/MYC/NFKB1/NFKBIA/RAF1/RB1/TGFB1/TP53/CDKN2A/DDB2/GADD45B/HDAC1/MAP2K1/MAP2K2/NRAS/PIK3CB,31,7.030654184,
hsa04068,hsa04068,FoxO signaling pathway,40/461,131/7946,3.95E-19,4.06E-18,1.75E-18,AKT1/ATM/BRAF/CAT/CCND1/CDK2/CDKN1A/EGF/EGFR/FASLG/GADD45A/HRAS/IGF1/IGF1R/IKBKB/IL6/IRS1/KRAS/MAPK14/MAPK8/MDM2/PLK1/PTEN/RAF1/SIRT1/SOD2/STAT3/TGFB1/ATG12/EP300/FOXO3/GADD45B/GRM1/IL10/MAP2K1/MAP2K2/NRAS/PIK3CB/SETD7/STK11,40,5.263035883,
hsa05418,hsa05418,Fluid shear stress and atherosclerosis,41/461,139/7946,5.78E-19,5.73E-18,2.48E-18,ACTB/ACTG1/AKT1/BCL2/CAV1/CTNNB1/HMOX1/HSP90AA1/ICAM1/IFNG/IKBKB/IL1A/IL1B/JUN/KDR/MAPK14/MAPK8/MMP2/MMP9/NFKB1/NQO1/PLAT/PTK2/RAC1/RHOA/SRC/TNF/TP53/VEGFA/DUSP1/FOS/KEAP1/NOS3/NOX1/PDGFA/PIAS4/PIK3CB/SELE/TNFRSF1A/TXN/VCAM1,41,5.084130526,
hsa05135,hsa05135,Yersinia infection,38/461,120/7946,7.75E-19,7.43E-18,3.21E-18,ACTB/ACTG1/AKT1/CASP1/GSK3B/IFNB1/IKBKB/IL1B/IL2/IL6/ITGB1/JUN/LCK/MAPK14/MAPK8/NFKB1/NFKBIA/PTK2/PTK2B/RAC1/RHOA/SRC/TNF/CXCL8/FN1/FOS/IL10/ITGA5/MAP2K1/MAP2K2/NFATC2/NLRP3/PIK3CB/PXN/TBK1/TLR4/TRAF2/WIPF1,38,5.458206797,
hsa05169,hsa05169,Epstein-Barr virus infection,49/461,201/7946,1.37E-18,1.27E-17,5.48E-18,AKT1/BAK1/BAX/BCL2/CASP3/CASP8/CASP9/CCNA2/CCND1/CCNE1/CD40/CDK2/CDK4/CDKN1A/CYCS/E2F1/FAS/GADD45A/HLA-DRB1/HLA-E/ICAM1/IFNA13/IFNB1/IKBKB/IL6/JUN/MAPK14/MAPK8/MDM2/MYC/NFKB1/NFKBIA/RAC1/RB1/RELB/STAT1/STAT3/TNF/TP53/CALR/CCNA1/DDB2/GADD45B/HDAC1/LYN/PIK3CB/PLCG2/TBK1/TRAF2,49,4.201918822,
hsa04010,hsa04010,MAPK signaling pathway,60/461,295/7946,2.13E-18,1.91E-17,8.24E-18,AKT1/ANGPT1/ATF2/BRAF/CASP3/EGF/EGFR/ERBB2/EREG/FAS/FASLG/GADD45A/HGF/HRAS/HSPB1/IGF1/IGF1R/IKBKB/IL1A/IL1B/JUN/KDR/KIT/KRAS/MAPK14/MAPK8/MYC/NFKB1/RAC1/RAF1/RELB/TGFB1/TNF/TP53/VEGFA/CDC25B/DAXX/DUSP1/ERBB3/FGF2/FGF20/FGF4/FGFR1/FLNA/FLT3/FOS/GADD45B/HSPA2/JUND/MAP2K1/MAP2K2/NRAS/PAK1/PAK2/PDGFA/PLA2G4A/PRKCA/TGFA/TNFRSF1A/TRAF2,60,3.505717122,8
hsa05226,hsa05226,Gastric cancer,41/461,149/7946,9.51E-18,8.26E-17,3.57E-17,AKT1/APC/BAK1/BAX/BCL2/BRAF/CCND1/CCNE1/CDH1/CDK2/CDKN1A/CTNNB1/E2F1/EGF/EGFR/ERBB2/GADD45A/GSK3B/HGF/HRAS/KRAS/MLH1/MTOR/MYC/RAF1/RB1/TERT/TGFB1/TP53/DDB2/FGF2/FGF20/FGF4/GADD45B/MAP2K1/MAP2K2/NRAS/PIK3CB/REG4/SHH/SMAD2,41,4.742913713,
hsa04012,hsa04012,ErbB signaling pathway,31/461,85/7946,1.41E-17,1.19E-16,5.12E-17,ABL1/AKT1/BRAF/CDKN1A/EGF/EGFR/ERBB2/EREG/GSK3B/HRAS/JUN/KRAS/MAPK8/MTOR/MYC/PTK2/RAF1/SRC/CAMK2A/CAMK2G/EIF4EBP1/ERBB3/MAP2K1/MAP2K2/NRAS/PAK1/PAK2/PIK3CB/PLCG2/PRKCA/TGFA,31,6.286231977,
hsa05225,hsa05225,Hepatocellular carcinoma,43/461,168/7946,2.83E-17,2.32E-16,1.00E-16,ACTB/ACTG1/AKT1/APC/BAK1/BAX/BCL2L1/BRAF/CCND1/CDK4/CDKN1A/CTNNB1/E2F1/EGFR/GADD45A/GSK3B/HGF/HMOX1/HRAS/IGF1R/KRAS/MTOR/MYC/NQO1/PTEN/RAF1/RB1/TERT/TGFB1/TP53/ARID1A/CDKN2A/DDB2/GADD45B/KEAP1/MAP2K1/MAP2K2/NRAS/PIK3CB/PLCG2/PRKCA/SMAD2/TGFA,43,4.411708501,
hsa01524,hsa01524,Platinum drug resistance,28/461,73/7946,1.16E-16,9.20E-16,3.97E-16,AKT1/ATM/BAK1/BAX/BCL2/BCL2L1/BRCA1/CASP3/CASP8/CASP9/CDKN1A/CYCS/ERBB2/ERCC1/FAS/FASLG/MDM2/MLH1/MSH2/MSH6/REV3L/TP53/BIRC3/BIRC5/CDKN2A/PIK3CB/POLH/XIAP,28,6.611238225,9
hsa05165,hsa05165,Human papillomavirus infection,61/461,330/7946,1.42E-16,1.10E-15,4.74E-16,AKT1/APC/ATM/ATR/BAK1/BAX/CASP3/CASP8/CCNA2/CCND1/CCNE1/CDK2/CDK4/CDKN1A/CREB1/CTNNB1/E2F1/EGF/EGFR/FAS/FASLG/GSK3B/HLA-E/HRAS/IFNA13/IFNB1/IKBKB/ITGB1/KRAS/MDM2/MTOR/NFKB1/NOTCH2/PKM/PTEN/PTGS2/PTK2/RAF1/RB1/STAT1/TERT/TNF/TP53/VEGFA/CCNA1/CHD4/EIF4EBP1/EP300/FN1/HDAC1/IRF1/ITGA5/ITGA6/MAP2K1/MAP2K2/NRAS/PIK3CB/PXN/TBK1/TNC/TNFRSF1A,61,3.186130283,
hsa05162,hsa05162,Measles,38/461,138/7946,1.55E-16,1.16E-15,5.02E-16,AKT1/BAK1/BAX/BCL2/BCL2L1/CASP3/CASP8/CASP9/CCND1/CCNE1/CDK2/CDK4/CYCS/FAS/FASLG/GSK3B/IFNA13/IFNB1/IKBKB/IL1A/IL1B/IL2/IL6/JUN/MAPK8/NFKB1/NFKBIA/STAT1/STAT3/TP53/CSNK2A1/EIF2AK3/FOS/HSPA2/PIK3CB/TBK1/TLR4/TP73,38,4.74626678,
hsa04066,hsa04066,HIF-1 signaling pathway,33/461,109/7946,7.54E-16,5.51E-15,2.38E-15,AKT1/ANGPT1/BCL2/CDKN1A/EGF/EGFR/ERBB2/HIF1A/HMOX1/IFNG/IGF1/IGF1R/IL6/MTOR/NFKB1/NOS2/STAT3/TIMP1/VEGFA/CAMK2A/CAMK2G/EIF4EBP1/EP300/LDHA/MAP2K1/MAP2K2/NOS3/PIK3CB/PLCG2/PRKCA/SERPINE1/TF/TLR4,33,5.218372505,
hsa04630,hsa04630,JAK-STAT signaling pathway,40/461,162/7946,1.48E-15,1.05E-14,4.55E-15,AKT1/BCL2/BCL2L1/CCND1/CDKN1A/CSF2/CSF3/EGF/EGFR/HRAS/IFNA13/IFNB1/IFNG/IL2/IL24/IL3/IL6/JAK2/MCL1/MTOR/MYC/RAF1/STAT1/STAT3/EP300/EPOR/GFAP/GH2/IL10/IL11/IL13/IL4/IL5/LEP/PDGFA/PIAS1/PIAS4/PIK3CB/SOCS1/SOCS3,40,4.255911732,
hsa05164,hsa05164,Influenza A,41/461,170/7946,1.56E-15,1.06E-14,4.56E-15,ACTB/ACTG1/AKT1/BAK1/BAX/CASP1/CASP3/CASP8/CASP9/CDK4/CYCS/FAS/FASLG/HLA-DRB1/ICAM1/IFNA13/IFNB1/IFNG/IKBKB/IL1A/IL1B/IL6/JAK2/NFKB1/NFKBIA/PML/RAF1/STAT1/TNF/CXCL8/EP300/MAP2K1/MAP2K2/NLRP3/PIK3CB/PRKCA/SOCS3/TBK1/TLR4/TNFRSF10A/TNFRSF1A,41,4.157024372,
hsa05131,hsa05131,Shigellosis,49/461,236/7946,1.53E-15,1.06E-14,4.56E-15,ABL1/ACTB/ACTG1/AKT1/ATM/BAX/BCL2/BCL2L1/CASP1/CSF2/CYCS/EGFR/GSK3B/HIST1H3J/IFNB1/IKBKB/IL1B/ILK/ITGB1/JUN/MAPK14/MAPK8/MDM2/MTOR/NFKB1/NFKBIA/PIK3C3/PTK2/RAC1/RHOA/SRC/TNF/TP53/ATG12/ATG5/CXCL8/FOXO3/GJA1/ITGA5/NLRP3/PIK3CB/PLCG2/PRKCE/PXN/TBK1/TLR4/TLR5/TNFRSF1A/TRAF2,49,3.578752895,
hsa04668,hsa04668,TNF signaling pathway,33/461,112/7946,1.85E-15,1.22E-14,5.28E-15,AKT1/ATF2/CASP3/CASP8/CREB1/CSF2/DAB2IP/FAS/ICAM1/IFNB1/IKBKB/IL1B/IL6/JUN/JUNB/MAPK14/MAPK8/MMP9/NFKB1/NFKBIA/PTGS2/TNF/BIRC3/CXCL1/FOS/IRF1/MAP2K1/PIK3CB/SELE/SOCS3/TNFRSF1A/TRAF2/VCAM1,33,5.07859467,10
hsa05230,hsa05230,Central carbon metabolism in cancer,26/461,69/7946,2.45E-15,1.58E-14,6.84E-15,AKT1/EGFR/ERBB2/HIF1A/HRAS/KIT/KRAS/MTOR/MYC/PKM/PTEN/RAF1/RET/TP53/FGFR1/FLT3/G6PD/IDH1/LDHA/MAP2K1/MAP2K2/NRAS/NTRK3/PIK3CB/SCO2/TIGAR,26,6.494891383,
hsa05206,hsa05206,MicroRNAs in cancer,56/461,310/7946,8.10E-15,5.12E-14,2.21E-14,ABL1/APC/ATM/BAK1/BCL2/BMI1/BRCA1/CASP3/CCND1/CCNE1/CDC25A/CDC25C/CDKN1A/E2F1/EGFR/ERBB2/HMOX1/HRAS/IKBKB/IRS1/KRAS/MCL1/MDM2/MMP9/MTOR/MYC/NFKB1/NOTCH2/PTEN/PTGS2/RAF1/RHOA/SIRT1/STAT3/TP53/VEGFA/CDC25B/CDKN2A/DDIT4/DNMT1/EP300/ERBB3/HDAC1/HNRNPK/ITGA5/MAP2K1/MAP2K2/NRAS/PDGFA/PIK3CB/PLCG2/PRKCA/PRKCE/SOCS1/TNC/TP63,56,3.113679938,
hsa04625,hsa04625,C-type lectin receptor signaling pathway,31/461,104/7946,9.48E-15,5.73E-14,2.47E-14,AKT1/CASP1/CASP8/EGR3/HRAS/IKBKB/IL1B/IL2/IL6/JUN/KRAS/MAPK14/MAPK8/MDM2/NFKB1/NFKBIA/PTGS2/RAF1/RELB/RHOA/SRC/STAT1/TNF/IL10/IRF1/NFATC2/NLRP3/NRAS/PAK1/PIK3CB/PLCG2,31,5.13778575,
hsa04660,hsa04660,T cell receptor signaling pathway,31/461,104/7946,9.48E-15,5.73E-14,2.47E-14,AKT1/CD4/CDK4/CSF2/GSK3B/HRAS/IFNG/IKBKB/IL2/JUN/KRAS/LCK/MAPK14/MAPK8/NFKB1/NFKBIA/PTPRC/RAF1/RHOA/TNF/FOS/IL10/IL4/IL5/MAP2K1/MAP2K2/NFATC2/NRAS/PAK1/PAK2/PIK3CB,31,5.13778575,11
hsa03440,hsa03440,Homologous recombination,20/461,41/7946,1.08E-14,6.39E-14,2.76E-14,ATM/BABAM2/BARD1/BRCA1/BRCA2/MRE11/NBN/RAD50/RAD51/RAD51B/RAD51C/RAD52/RBBP8/RPA1/RPA2/PALB2/RAD51D/TOPBP1/UIMC1/XRCC3,20,8.40802074,12
hsa05216,hsa05216,Thyroid cancer,19/461,37/7946,1.50E-14,8.68E-14,3.74E-14,BAK1/BAX/BRAF/CCND1/CDH1/CDKN1A/CTNNB1/GADD45A/HRAS/KRAS/MYC/RET/TP53/DDB2/GADD45B/MAP2K1/MAP2K2/NRAS/PPARG,19,8.851146157,
hsa04510,hsa04510,Focal adhesion,43/461,199/7946,2.11E-14,1.19E-13,5.16E-14,ACTB/ACTG1/AKT1/BCL2/BRAF/CAV1/CCND1/CTNNB1/EGF/EGFR/ERBB2/GSK3B/HGF/HRAS/IGF1/IGF1R/ILK/ITGB1/JUN/KDR/MAPK8/PTEN/PTK2/RAC1/RAF1/RHOA/SRC/VEGFA/BIRC3/FLNA/FN1/ITGA5/ITGA6/MAP2K1/PAK1/PAK2/PDGFA/PIK3CB/PPP1CC/PRKCA/PXN/TNC/XIAP,43,3.724457428,
hsa04657,hsa04657,IL-17 signaling pathway,29/461,94/7946,2.60E-14,1.45E-13,6.25E-14,CASP3/CASP8/CSF2/CSF3/GSK3B/HSP90AA1/IFNG/IKBKB/IL1B/IL6/JUN/MAPK14/MAPK8/MMP9/NFKB1/NFKBIA/PTGS2/TNF/CCL11/CXCL1/CXCL8/FOS/FOSB/IL13/IL4/IL5/JUND/TBK1/TRAF2,29,5.317625883,13
hsa05203,hsa05203,Viral carcinogenesis,43/461,201/7946,3.06E-14,1.67E-13,7.21E-14,ATF2/BAK1/BAX/CASP3/CASP8/CCNA2/CCND1/CCNE1/CDK1/CDK2/CDK4/CDKN1A/CHEK1/CREB1/EGR3/HIST4H4/HLA-E/HRAS/JUN/KRAS/MDM2/NFKB1/NFKBIA/PKM/POLB/RAC1/RB1/REL/RHOA/SRC/STAT3/TP53/CCNA1/CDKN2A/CHD4/EP300/HDAC1/HNRNPK/LYN/NRAS/PIK3CB/PXN/TRAF2,43,3.68739815,
hsa04917,hsa04917,Prolactin signaling pathway,25/461,70/7946,3.66E-14,1.96E-13,8.45E-14,AKT1/CCND1/ESR1/GSK3B/HRAS/JAK2/KRAS/MAPK14/MAPK8/NFKB1/RAF1/SRC/STAT1/STAT3/FOS/FOXO3/IRF1/LHCGR/MAP2K1/MAP2K2/NRAS/PIK3CB/SOCS1/SOCS3/TNFRSF11A,25,6.155872327,
hsa04064,hsa04064,NF-kappa B signaling pathway,30/461,102/7946,3.87E-14,2.03E-13,8.76E-14,ATM/BCL2/BCL2L1/CCL4/CD40/ICAM1/IKBKB/IL1B/LCK/NFKB1/NFKBIA/PARP1/PTGS2/RELB/TNF/BIRC3/CSNK2A1/CXCL1/CXCL8/GADD45B/LYN/PIAS4/PIDD1/PLCG2/TLR4/TNFRSF11A/TNFRSF1A/TRAF2/VCAM1/XIAP,30,5.069541917,14
hsa05235,hsa05235,PD-L1 expression and PD-1 checkpoint pathway in cancer,28/461,89/7946,4.22E-14,2.17E-13,9.38E-14,AKT1/CD4/EGF/EGFR/HIF1A/HRAS/IFNG/IKBKB/JAK2/JUN/KRAS/LCK/MAPK14/MTOR/NFKB1/NFKBIA/PTEN/RAF1/STAT1/STAT3/CSNK2A1/FOS/MAP2K1/MAP2K2/NFATC2/NRAS/PIK3CB/TLR4,28,5.422701016,
hsa04370,hsa04370,VEGF signaling pathway,23/461,59/7946,4.37E-14,2.21E-13,9.54E-14,AKT1/CASP9/HRAS/HSPB1/KDR/KRAS/MAPK14/PTGS2/PTK2/RAC1/RAF1/SRC/VEGFA/MAP2K1/MAP2K2/NFATC2/NOS3/NRAS/PIK3CB/PLA2G4A/PLCG2/PRKCA/PXN,23,6.71929115,
hsa05221,hsa05221,Acute myeloid leukemia,24/461,67/7946,1.11E-13,5.53E-13,2.39E-13,AKT1/BRAF/CCNA2/CCND1/CSF2/HRAS/IKBKB/IL3/KIT/KRAS/MTOR/MYC/NFKB1/PER2/PML/RAF1/STAT3/CCNA1/EIF4EBP1/FLT3/MAP2K1/MAP2K2/NRAS/PIK3CB,24,6.174248066,
hsa04380,hsa04380,Osteoclast differentiation,33/461,128/7946,1.31E-13,6.39E-13,2.76E-13,AKT1/CREB1/IFNB1/IFNG/IKBKB/IL1A/IL1B/JUN/JUNB/LCK/MAPK14/MAPK8/NFKB1/NFKBIA/RAC1/RELB/STAT1/TGFB1/TNF/FOS/FOSB/JUND/MAP2K1/NFATC2/NOX1/PIK3CB/PLCG2/PPARG/SOCS1/SOCS3/TNFRSF11A/TNFRSF1A/TRAF2,33,4.443770336,
hsa05202,hsa05202,Transcriptional misregulation in cancer,40/461,186/7946,2.12E-13,1.02E-12,4.39E-13,ATM/BAK1/BAX/BCL11B/BCL2L1/BMI1/CCNA2/CD40/CDKN1A/CSF2/GADD45A/HIST1H3J/IGF1/IGF1R/IL3/IL6/MDM2/MMP9/MYC/NFKB1/PER2/PLAT/PML/PROM1/PTK2/REL/SP1/TP53/BIRC3/CCNA1/CXCL8/DDB2/ETV6/FLT3/GADD45B/HDAC1/MEN1/MYCN/PDGFA/PPARG,40,3.706761831,
hsa04722,hsa04722,Neurotrophin signaling pathway,31/461,119/7946,5.48E-13,2.58E-12,1.11E-12,ABL1/AKT1/BAX/BCL2/BRAF/FASLG/GSK3B/HRAS/IKBKB/IRS1/JUN/KRAS/MAPK14/MAPK8/NFKB1/NFKBIA/PSEN2/RAC1/RAF1/RHOA/TP53/CAMK2A/CAMK2G/FOXO3/MAP2K1/MAP2K2/NRAS/NTRK3/PIK3CB/PLCG2/TP73,31,4.490165698,
hsa05145,hsa05145,Toxoplasmosis,30/461,112/7946,5.94E-13,2.75E-12,1.19E-12,AKT1/BCL2/BCL2L1/CASP3/CASP8/CASP9/CD40/CYCS/HLA-DRB1/IFNG/IKBKB/ITGB1/JAK2/MAPK14/MAPK8/NFKB1/NFKBIA/NOS2/STAT1/STAT3/TGFB1/TNF/BIRC3/HSPA2/IL10/ITGA6/SOCS1/TLR4/TNFRSF1A/XIAP,30,4.616904245,
hsa05144,hsa05144,Malaria,20/461,50/7946,1.16E-12,5.28E-12,2.28E-12,CD40/CSF3/GYPA/HBB/HGF/ICAM1/IFNG/IL1B/IL6/KLRK1/KLRC4-KLRK1/TGFB1/TNF/CD36/CXCL8/IL10/SELE/SELP/TLR4/VCAM1,20,6.894577007,
hsa03450,hsa03450,Non-homologous end-joining,11/461,13/7946,1.57E-12,7.03E-12,3.04E-12,DCLRE1C/DNTT/LIG4/MRE11/NHEJ1/PRKDC/RAD50/XRCC5/FEN1/XRCC4/XRCC6,11,14.58468213,15
hsa05142,hsa05142,Chagas disease (American trypanosomiasis),28/461,102/7946,1.86E-12,8.21E-12,3.54E-12,ACE/AKT1/CASP8/FAS/FASLG/IFNB1/IFNG/IKBKB/IL1B/IL2/IL6/JUN/MAPK14/MAPK8/NFKB1/NFKBIA/NOS2/TGFB1/TNF/CALR/CXCL8/FOS/IL10/PIK3CB/SERPINE1/SMAD2/TLR4/TNFRSF1A,28,4.731572455,
hsa05130,hsa05130,Pathogenic Escherichia coli infection,39/461,202/7946,1.53E-11,6.66E-11,2.87E-11,ABL1/ACTB/ACTG1/BAK1/BAX/CASP1/CASP3/CASP8/CASP9/CYCS/FAS/FASLG/IKBKB/IL1B/IL6/ITGB1/JUN/MAPK14/MAPK8/NCL/NFKB1/NFKBIA/RAC1/RHOA/TNF/CXCL8/FOS/LYN/NLRP3/OCLN/PAK1/PAK2/RPS3/TLR4/TLR5/TNFRSF10A/TNFRSF1A/TRAF2/WIPF1,39,3.327828011,
hsa05152,hsa05152,Tuberculosis,36/461,180/7946,3.35E-11,1.43E-10,6.18E-11,AKT1/BAX/BCL2/CAMP/CASP3/CASP8/CASP9/CREB1/CYCS/HLA-DRB1/IFNA13/IFNB1/IFNG/IL1A/IL1B/IL6/JAK2/MAPK14/MAPK8/NFKB1/NOS2/PIK3C3/RAF1/RHOA/SRC/STAT1/TGFB1/TNF/CAMK2A/CAMK2G/EP300/HSPA9/HSPD1/IL10/TLR4/TNFRSF1A,36,3.447288503,
hsa05321,hsa05321,Inflammatory bowel disease (IBD),21/461,65/7946,3.87E-11,1.63E-10,7.04E-11,FOXP3/GATA3/HLA-DRB1/IFNG/IL1A/IL1B/IL2/IL6/JUN/NFKB1/STAT1/STAT3/TGFB1/TNF/IL10/IL13/IL4/IL5/SMAD2/TLR4/TLR5,21,5.568696813,
hsa04659,hsa04659,Th17 cell differentiation,27/461,107/7946,4.03E-11,1.67E-10,7.22E-11,CD4/FOXP3/GATA3/HIF1A/HLA-DRB1/HSP90AA1/IFNG/IKBKB/IL1B/IL2/IL6/JAK2/JUN/LCK/MAPK14/MAPK8/MTOR/NFKB1/NFKBIA/STAT1/STAT3/TGFB1/AHR/FOS/IL4/NFATC2/SMAD2,27,4.349382691,
hsa04650,hsa04650,Natural killer cell mediated cytotoxicity,30/461,131/7946,4.57E-11,1.87E-10,8.07E-11,BRAF/CASP3/CSF2/FAS/FASLG/HLA-E/HRAS/ICAM1/IFNA13/IFNB1/IFNG/KLRC1/KLRK1/KLRC4-KLRK1/KRAS/LCK/PTK2B/RAC1/RAF1/TNF/KIR3DL1/MAP2K1/MAP2K2/NFATC2/NRAS/PAK1/PIK3CB/PLCG2/PRKCA/TNFRSF10A,30,3.947276912,
hsa04014,hsa04014,Ras signaling pathway,41/461,232/7946,8.45E-11,3.40E-10,1.47E-10,ABL1/AKT1/ANGPT1/BCL2L1/EGF/EGFR/FASLG/HGF/HRAS/IGF1/IGF1R/IKBKB/KDR/KIT/KRAS/MAPK8/NFKB1/RAC1/RAF1/REL/RHOA/VEGFA/FGF2/FGF20/FGF4/FGFR1/FLT3/MAP2K1/MAP2K2/NRAS/PAK1/PAK2/PDGFA/PIK3CB/PLA2G2D/PLA2G4A/PLCG2/PRKCA/RALA/TBK1/TGFA,41,3.046095445,
hsa04664,hsa04664,Fc epsilon RI signaling pathway,21/461,68/7946,1.02E-10,4.04E-10,1.74E-10,AKT1/CSF2/HRAS/IL3/KRAS/MAPK14/MAPK8/RAC1/RAF1/TNF/IL13/IL4/IL5/LYN/MAP2K1/MAP2K2/NRAS/PIK3CB/PLA2G4A/PLCG2/PRKCA,21,5.323019012,
hsa04935,hsa04935,"Growth hormone synthesis, secretion and action",28/461,119/7946,1.05E-10,4.09E-10,1.77E-10,AKT1/ATF2/CREB1/GSK3B/HRAS/IGF1/IRS1/JAK2/JUNB/KRAS/MAPK14/MAPK8/MTOR/PTK2/RAF1/STAT1/STAT3/EP300/FOS/GH2/MAP2K1/MAP2K2/NRAS/PIK3CB/PLCG2/PRKCA/SOCS1/SOCS3,28,4.055633533,
hsa04640,hsa04640,Hematopoietic cell lineage,25/461,99/7946,2.13E-10,8.21E-10,3.54E-10,CD2/CD33/CD4/CD59/CSF2/CSF3/DNTT/GYPA/HLA-DRB1/IL1A/IL1B/IL3/IL6/KIT/TNF/CD24/CD36/EPOR/FLT3/IL11/IL4/IL5/ITGA5/ITGA6/MS4A1,25,4.352636999,
hsa04919,hsa04919,Thyroid hormone signaling pathway,27/461,119/7946,5.48E-10,2.09E-09,9.01E-10,ACTB/ACTG1/AKT1/CASP9/CCND1/CTNNB1/ESR1/GSK3B/HIF1A/HRAS/KRAS/MDM2/MTOR/MYC/NOTCH2/RAF1/SRC/STAT1/TP53/EP300/HDAC1/MAP2K1/MAP2K2/NRAS/PIK3CB/PLCG2/PRKCA,27,3.910789478,
hsa04620,hsa04620,Toll-like receptor signaling pathway,25/461,104/7946,6.61E-10,2.48E-09,1.07E-09,AKT1/CASP8/CCL4/CD40/IFNA13/IFNB1/IKBKB/IL1B/IL6/JUN/MAPK14/MAPK8/NFKB1/NFKBIA/RAC1/STAT1/TNF/CXCL8/FOS/MAP2K1/MAP2K2/PIK3CB/TBK1/TLR4/TLR5,25,4.143375605,
hsa04211,hsa04211,Longevity regulating pathway,23/461,89/7946,6.94E-10,2.57E-09,1.11E-09,AKT1/ATF2/BAX/CAT/CREB1/HRAS/IGF1/IGF1R/IRS1/KRAS/MTOR/NFKB1/SIRT1/SOD2/TP53/ATG5/EIF4EBP1/FOXO3/NRAS/PIK3CB/PPARG/SESN2/STK11,23,4.454361549,
hsa04215,hsa04215,Apoptosis - multiple species,14/461,32/7946,7.24E-10,2.65E-09,1.14E-09,BAK1/BAX/BCL2/BCL2L1/CASP3/CASP8/CASP9/CYCS/MAPK8/BIRC3/BIRC5/DIABLO/TNFRSF1A/XIAP,14,7.540943601,
hsa05211,hsa05211,Renal cell carcinoma,20/461,69/7946,1.01E-09,3.65E-09,1.58E-09,AKT1/BRAF/CDKN1A/HGF/HIF1A/HRAS/JUN/KRAS/RAC1/RAF1/TGFB1/VEGFA/EP300/MAP2K1/MAP2K2/NRAS/PAK1/PAK2/PIK3CB/TGFA,20,4.996070295,
hsa04217,hsa04217,Necroptosis,31/461,162/7946,2.55E-09,9.09E-09,3.92E-09,BAX/BCL2/CASP1/CASP8/FAS/FASLG/H2AFX/HSP90AA1/IFNA13/IFNB1/IFNG/IL1A/IL1B/JAK2/MAPK8/PARP1/STAT1/STAT3/TNF/BIRC3/CAMK2A/CAMK2G/CHMP4C/NLRP3/PARP2/PLA2G4A/TLR4/TNFRSF10A/TNFRSF1A/TRAF2/XIAP,31,3.298331593,
hsa04621,hsa04621,NOD-like receptor signaling pathway,33/461,181/7946,2.80E-09,9.86E-09,4.26E-09,BCL2/BCL2L1/CAMP/CASP1/CASP8/HSP90AA1/IFI16/IFNA13/IFNB1/IKBKB/IL1B/IL6/JUN/MAPK14/MAPK8/NFKB1/NFKBIA/RHOA/STAT1/TNF/TP53BP1/ATG12/ATG5/BIRC3/CXCL1/CXCL8/NLRP3/P2RX7/TBK1/TLR4/TRAF2/TXN/XIAP,33,3.142555818,
hsa05132,hsa05132,Salmonella infection,21/461,80/7946,2.85E-09,9.90E-09,4.27E-09,ACTB/ACTG1/CASP1/CCL4/CSF2/IFNG/IL1A/IL1B/IL6/JUN/MAPK14/MAPK8/NFKB1/NOS2/RAC1/CXCL1/CXCL8/FLNA/FOS/TLR4/TLR5,21,4.524566161,
hsa05133,hsa05133,Pertussis,20/461,76/7946,6.51E-09,2.24E-08,9.65E-09,CASP1/CASP3/IL1A/IL1B/IL6/ITGB1/JUN/MAPK14/MAPK8/NFKB1/NOS2/RHOA/TNF/CXCL8/FOS/IL10/IRF1/ITGA5/NLRP3/TLR4,20,4.535905925,
hsa05134,hsa05134,Legionellosis,17/461,57/7946,1.15E-08,3.90E-08,1.68E-08,CASP1/CASP3/CASP8/CASP9/CYCS/IL1B/IL6/NFKB1/NFKBIA/TNF/CXCL1/CXCL8/HSF1/HSPA2/HSPD1/TLR4/TLR5,17,5.140693382,
hsa05014,hsa05014,Amyotrophic lateral sclerosis (ALS),16/461,51/7946,1.38E-08,4.64E-08,2.00E-08,BAX/BCL2/BCL2L1/CASP1/CASP3/CASP9/CAT/CYCS/GPX1/MAPK14/RAC1/SOD1/TNF/TP53/DAXX/TNFRSF1A,16,5.407511378,
hsa04926,hsa04926,Relaxin signaling pathway,26/461,129/7946,1.65E-08,5.48E-08,2.36E-08,AKT1/ATF2/CREB1/EGFR/HRAS/JUN/KRAS/MAPK14/MAPK8/MMP2/MMP9/NFKB1/NFKBIA/NOS2/RAF1/SRC/TGFB1/VEGFA/FOS/MAP2K1/MAP2K2/NOS3/NRAS/PIK3CB/PRKCA/SMAD2,26,3.47401167,
hsa04932,hsa04932,Non-alcoholic fatty liver disease (NAFLD),28/461,149/7946,2.33E-08,7.61E-08,3.29E-08,AKT1/BAX/CASP3/CASP8/CYCS/FAS/FASLG/GSK3B/IKBKB/IL1A/IL1B/IL6/IRS1/JUN/MAPK8/COX2/NFKB1/PPARA/RAC1/TGFB1/TNF/CXCL8/EIF2AK3/LEP/PIK3CB/SOCS3/TNFRSF1A/TRAF2,28,3.239063023,
hsa05231,hsa05231,Choline metabolism in cancer,22/461,98/7946,2.76E-08,8.92E-08,3.85E-08,AKT1/EGF/EGFR/HIF1A/HRAS/JUN/KRAS/MAPK8/MTOR/RAC1/RAF1/SLC22A1/SP1/EIF4EBP1/FOS/MAP2K1/MAP2K2/NRAS/PDGFA/PIK3CB/PLA2G4A/PRKCA,22,3.869405463,
hsa03460,hsa03460,Fanconi anemia pathway,16/461,54/7946,3.46E-08,1.11E-07,4.77E-08,ATR/BRCA1/BRCA2/ERCC1/FANCC/FANCD2/FANCG/MLH1/RAD51/RAD51C/REV3L/RPA1/RPA2/CENPX/PALB2/POLH,16,5.107094079,
hsa04015,hsa04015,Rap1 signaling pathway,34/461,210/7946,3.69E-08,1.16E-07,5.03E-08,ACTB/ACTG1/AKT1/ANGPT1/BRAF/CDH1/CTNNB1/EGF/EGFR/HGF/HRAS/IGF1/IGF1R/ITGB1/KDR/KIT/KRAS/MAPK14/RAC1/RAF1/RHOA/SRC/VEGFA/FGF2/FGF20/FGF4/FGFR1/MAP2K1/MAP2K2/NRAS/PDGFA/PIK3CB/PRKCA/RALA,34,2.790662122,
hsa04060,hsa04060,Cytokine-cytokine receptor interaction,42/461,294/7946,3.83E-08,1.20E-07,5.16E-08,CCL4/CD4/CD40/CSF2/CSF3/FAS/FASLG/IFNA13/IFNB1/IFNG/IL1A/IL1B/IL2/IL24/IL3/IL6/TGFB1/TNF/ACVRL1/BMP2/CCL11/CCL8/CCR7/CXCL1/CXCL16/CXCL8/EPOR/GH2/IL10/IL11/IL13/IL32/IL36G/IL4/IL5/LEP/TNFRSF10A/TNFRSF10C/TNFRSF11A/TNFRSF1A/TNFSF4/TNFSF9,42,2.462348931,
hsa04920,hsa04920,Adipocytokine signaling pathway,18/461,69/7946,4.36E-08,1.35E-07,5.81E-08,AKT1/IKBKB/IRS1/JAK2/MAPK8/MTOR/NFKB1/NFKBIA/POMC/PPARA/STAT3/TNF/CD36/LEP/SOCS3/STK11/TNFRSF1A/TRAF2,18,4.496463265,
hsa04213,hsa04213,Longevity regulating pathway - multiple species,17/461,62/7946,4.64E-08,1.42E-07,6.12E-08,AKT1/CAT/HRAS/IGF1/IGF1R/IRS1/KRAS/MTOR/SIRT1/SOD1/SOD2/ATG5/FOXO3/HDAC1/HSPA2/NRAS/PIK3CB,17,4.726121335,
hsa05140,hsa05140,Leishmaniasis,19/461,77/7946,4.89E-08,1.48E-07,6.38E-08,HLA-DRB1/IFNG/IL1A/IL1B/ITGB1/JAK2/JUN/MAPK14/NFKB1/NFKBIA/NOS2/PTGS2/STAT1/TGFB1/TNF/FOS/IL10/IL4/TLR4,19,4.253148153,
hsa04071,hsa04071,Sphingolipid signaling pathway,24/461,119/7946,5.87E-08,1.75E-07,7.57E-08,AKT1/BAX/BCL2/HRAS/KRAS/MAPK14/MAPK8/NFKB1/PTEN/RAC1/RAF1/RHOA/TNF/TP53/ASAH1/MAP2K1/MAP2K2/NOS3/NRAS/PIK3CB/PRKCA/PRKCE/TNFRSF1A/TRAF2,24,3.476257314,
hsa04915,hsa04915,Estrogen signaling pathway,26/461,138/7946,7.07E-08,2.09E-07,9.02E-08,AKT1/ATF2/BCL2/CREB1/EGFR/ESR1/HRAS/HSP90AA1/JUN/KRAS/MMP2/MMP9/POMC/RAF1/SP1/SRC/FKBP5/FOS/GRM1/HSPA2/MAP2K1/MAP2K2/NOS3/NRAS/PIK3CB/TGFA,26,3.247445691,
hsa04062,hsa04062,Chemokine signaling pathway,31/461,189/7946,1.11E-07,3.25E-07,1.40E-07,AKT1/BRAF/CCL4/GSK3B/HRAS/IKBKB/JAK2/KRAS/NFKB1/NFKBIA/PTK2/PTK2B/RAC1/RAF1/RHOA/SRC/STAT1/STAT3/CCL11/CCL8/CCR7/CXCL1/CXCL16/CXCL8/FOXO3/LYN/MAP2K1/NRAS/PAK1/PIK3CB/PXN,31,2.827141365,
hsa04931,hsa04931,Insulin resistance,22/461,108/7946,1.75E-07,5.07E-07,2.19E-07,AGT/AKT1/CREB1/GSK3B/IKBKB/IL6/IRS1/MAPK8/MTOR/NFKB1/NFKBIA/PPARA/PTEN/STAT3/TNF/CD36/NOS3/PIK3CB/PPP1CC/PRKCE/SOCS3/TNFRSF1A,22,3.511127179,
hsa04658,hsa04658,Th1 and Th2 cell differentiation,20/461,92/7946,2.09E-07,6.00E-07,2.59E-07,CD4/GATA3/HLA-DRB1/IFNG/IKBKB/IL2/JAK2/JUN/LCK/MAPK14/MAPK8/NFKB1/NFKBIA/NOTCH2/STAT1/FOS/IL13/IL4/IL5/NFATC2,20,3.747052721,
hsa04137,hsa04137,Mitophagy - animal,16/461,65/7946,5.87E-07,1.67E-06,7.19E-07,BCL2L1/E2F1/HIF1A/HRAS/JUN/KRAS/MAPK8/SP1/SRC/TP53/ATG5/CSNK2A1/EIF2AK3/FOXO3/NRAS/TBK1,16,4.242816619,
hsa05143,hsa05143,African trypanosomiasis,12/461,37/7946,6.17E-07,1.73E-06,7.48E-07,FAS/FASLG/HBB/ICAM1/IFNG/IL1B/IL6/TNF/IL10/PRKCA/SELE/VCAM1,12,5.590197573,
hsa04662,hsa04662,B cell receptor signaling pathway,18/461,82/7946,7.32E-07,2.02E-06,8.73E-07,AKT1/GSK3B/HRAS/IKBKB/JUN/KRAS/NFKB1/NFKBIA/RAC1/RAF1/FOS/LYN/MAP2K1/MAP2K2/NFATC2/NRAS/PIK3CB/PLCG2,18,3.783609333,
hsa04914,hsa04914,Progesterone-mediated oocyte maturation,20/461,99/7946,7.35E-07,2.02E-06,8.73E-07,AKT1/BRAF/CCNA2/CDC25A/CDC25C/CDK1/CDK2/HSP90AA1/IGF1/IGF1R/KRAS/MAPK14/MAPK8/PLK1/RAF1/CCNA1/CDC16/CDC25B/MAP2K1/PIK3CB,20,3.482109599,
hsa03410,hsa03410,Base excision repair,11/461,33/7946,1.34E-06,3.66E-06,1.58E-06,APEX1/OGG1/PARP1/PCNA/POLB/XRCC1/FEN1/LIG3/PARP2/SMUG1/UNG,11,5.745480839,16
hsa05120,hsa05120,Epithelial cell signaling in Helicobacter pylori infection,16/461,70/7946,1.72E-06,4.63E-06,2.00E-06,CASP3/EGFR/IKBKB/JUN/MAPK14/MAPK8/NFKB1/NFKBIA/RAC1/SRC/ADAM17/CXCL1/CXCL8/LYN/PAK1/PLCG2,16,3.939758289,
hsa04150,hsa04150,mTOR signaling pathway,25/461,153/7946,2.07E-06,5.54E-06,2.39E-06,AKT1/BRAF/GSK3B/HRAS/IGF1/IGF1R/IKBKB/IRS1/KRAS/LAMTOR5/MTOR/PTEN/RAF1/RHOA/TNF/DDIT4/EIF4EBP1/MAP2K1/MAP2K2/NRAS/PIK3CB/PRKCA/SESN2/STK11/TNFRSF1A,25,2.816412176,
hsa05332,hsa05332,Graft-versus-host disease,12/461,41/7946,2.13E-06,5.63E-06,2.43E-06,FAS/FASLG/HLA-DRB1/HLA-E/IFNG/IL1A/IL1B/IL2/IL6/KLRC1/TNF/KIR3DL1,12,5.044812444,
hsa05100,hsa05100,Bacterial invasion of epithelial cells,16/461,73/7946,3.10E-06,8.14E-06,3.51E-06,ACTB/ACTG1/CAV1/CDH1/CTNNB1/ILK/ITGB1/PTK2/RAC1/RHOA/SRC/DNM2/FN1/ITGA5/PIK3CB/PXN,16,3.777850415,17
hsa04140,hsa04140,Autophagy - animal,23/461,137/7946,3.31E-06,8.60E-06,3.71E-06,AKT1/BCL2/BCL2L1/HIF1A/HRAS/IGF1R/IRS1/KRAS/MAPK8/MTOR/PIK3C3/PTEN/RAF1/ATG12/ATG5/DDIT4/EIF2AK3/MAP2K1/MAP2K2/NRAS/PIK3CB/STK11/TBK1,23,2.893709328,
hsa04550,hsa04550,Signaling pathways regulating pluripotency of stem cells,23/461,140/7946,4.84E-06,1.24E-05,5.35E-06,AKT1/APC/BMI1/CTNNB1/GSK3B/HRAS/IGF1/IGF1R/JAK2/KRAS/MAPK14/MYC/RAF1/RIF1/STAT3/FGF2/FGFR1/MAP2K1/MAP2K2/NRAS/PIK3CB/SMAD2/SOX2,23,2.831701271,
hsa04810,hsa04810,Regulation of actin cytoskeleton,30/461,213/7946,4.86E-06,1.24E-05,5.35E-06,ACTB/ACTG1/APC/BRAF/EGF/EGFR/HRAS/ITGB1/KRAS/PTK2/RAC1/RAF1/RHOA/SRC/FGF2/FGF20/FGF4/FGFR1/FN1/ITGA5/ITGA6/MAP2K1/MAP2K2/NRAS/PAK1/PAK2/PDGFA/PIK3CB/PPP1CC/PXN,30,2.42766796,
hsa04912,hsa04912,GnRH signaling pathway,18/461,93/7946,5.02E-06,1.25E-05,5.38E-06,EGFR/EGR1/HRAS/JUN/KRAS/MAPK14/MAPK8/MMP2/PTK2B/RAF1/SRC/CAMK2A/CAMK2G/MAP2K1/MAP2K2/NRAS/PLA2G4A/PRKCA,18,3.336085648,
hsa05323,hsa05323,Rheumatoid arthritis,18/461,93/7946,5.02E-06,1.25E-05,5.38E-06,ANGPT1/CSF2/HLA-DRB1/ICAM1/IFNG/IL1A/IL1B/IL6/JUN/TGFB1/TNF/VEGFA/CXCL1/CXCL8/FOS/IL11/TLR4/TNFRSF11A,18,3.336085648,
hsa05146,hsa05146,Amoebiasis,19/461,102/7946,4.98E-06,1.25E-05,5.38E-06,CASP3/CSF2/HSPB1/IFNG/IL1B/IL6/NFKB1/NOS2/PRDX1/PTK2/TGFB1/TNF/CXCL1/CXCL8/FN1/IL10/PIK3CB/PRKCA/TLR4,19,3.21070988,
hsa05416,hsa05416,Viral myocarditis,14/461,60/7946,5.91E-06,1.45E-05,6.28E-06,ABL1/ACTB/ACTG1/CASP3/CASP8/CASP9/CAV1/CCND1/CD40/CYCS/HLA-DRB1/HLA-E/ICAM1/RAC1,14,4.021836587,
hsa05330,hsa05330,Allograft rejection,11/461,38/7946,6.41E-06,1.56E-05,6.75E-06,CD40/FAS/FASLG/HLA-DRB1/HLA-E/IFNG/IL2/TNF/IL10/IL4/IL5,11,4.989496518,
hsa04934,hsa04934,Cushing syndrome,24/461,155/7946,8.66E-06,2.09E-05,9.04E-06,AGT/APC/ATF2/BRAF/CCND1/CCNE1/CDK2/CDK4/CDKN1A/CREB1/CTNNB1/E2F1/EGFR/GSK3B/POMC/RB1/SP1/AHR/CAMK2A/CAMK2G/CDKN2A/MAP2K1/MAP2K2/MEN1,24,2.668868519,
hsa04072,hsa04072,Phospholipase D signaling pathway,23/461,148/7946,1.25E-05,3.01E-05,1.30E-05,AGT/AKT1/EGF/EGFR/HRAS/KIT/KRAS/MTOR/PTK2B/RAF1/RHOA/CXCL8/DNM2/GRM1/MAP2K1/MAP2K2/NRAS/PDGFA/PIK3CB/PLA2G4A/PLCG2/PRKCA/RALA,23,2.678636337,
hsa04670,hsa04670,Leukocyte transendothelial migration,19/461,112/7946,2.03E-05,4.82E-05,2.08E-05,ACTB/ACTG1/CTNNB1/ICAM1/ITGB1/MAPK14/MMP2/MMP9/PTK2/PTK2B/RAC1/RHOA/THY1/OCLN/PIK3CB/PLCG2/PRKCA/PXN/VCAM1,19,2.924039355,
hsa04921,hsa04921,Oxytocin signaling pathway,23/461,153/7946,2.18E-05,5.14E-05,2.22E-05,ACTB/ACTG1/CCND1/CDKN1A/EGFR/HRAS/JUN/KRAS/PTGS2/RAF1/RHOA/SRC/CAMK2A/CAMK2G/FOS/MAP2K1/MAP2K2/NFATC2/NOS3/NRAS/PLA2G4A/PPP1CC/PRKCA,23,2.591099202,
hsa04940,hsa04940,Type I diabetes mellitus,11/461,43/7946,2.35E-05,5.49E-05,2.37E-05,FAS/FASLG/HLA-DRB1/HLA-E/IFNG/IL1A/IL1B/IL2/TNF/CPE/HSPD1,11,4.409322504,
hsa04730,hsa04730,Long-term depression,13/461,60/7946,2.99E-05,6.92E-05,2.99E-05,BRAF/HRAS/IGF1/IGF1R/KRAS/RAF1/GRM1/LYN/MAP2K1/MAP2K2/NRAS/PLA2G4A/PRKCA,13,3.734562545,
hsa04622,hsa04622,RIG-I-like receptor signaling pathway,14/461,70/7946,3.86E-05,8.86E-05,3.83E-05,CASP8/IFNA13/IFNB1/IKBKB/MAPK14/MAPK8/NFKB1/NFKBIA/TNF/ATG12/ATG5/CXCL8/TBK1/TRAF2,14,3.447288503,
hsa05310,hsa05310,Asthma,9/461,31/7946,4.41E-05,0.000100418,4.33E-05,CD40/HLA-DRB1/IL3/TNF/CCL11/IL10/IL13/IL4/IL5,9,5.004128472,
hsa04520,hsa04520,Adherens junction,14/461,71/7946,4.55E-05,0.000102936,4.44E-05,ACTB/ACTG1/CDH1/CTNNB1/EGFR/ERBB2/IGF1R/RAC1/RHOA/SRC/CSNK2A1/EP300/FGFR1/SNAI1,14,3.398735144,
hsa05217,hsa05217,Basal cell carcinoma,13/461,63/7946,5.16E-05,0.000115634,4.99E-05,APC/BAK1/BAX/CDKN1A/CTNNB1/GADD45A/GSK3B/PTCH1/TP53/BMP2/DDB2/GADD45B/SHH,13,3.556726234,
hsa04720,hsa04720,Long-term potentiation,13/461,67/7946,0.000101035,0.000224701,9.70E-05,BRAF/HRAS/KRAS/RAF1/CAMK2A/CAMK2G/EP300/GRM1/MAP2K1/MAP2K2/NRAS/PPP1CC/PRKCA,13,3.344384369,
hsa05020,hsa05020,Prion diseases,9/461,35/7946,0.000125361,0.00027659,0.000119391,BAX/EGR1/IL1A/IL1B/IL6/SOD1/MAP2K1/MAP2K2/NCAM1,9,4.432228076,
hsa04916,hsa04916,Melanogenesis,16/461,101/7946,0.00020879,0.000457037,0.000197282,CREB1/CTNNB1/GSK3B/HRAS/KIT/KRAS/POMC/RAF1/CAMK2A/CAMK2G/EP300/MAP2K1/MAP2K2/NRAS/PRKCA/TYR,16,2.730525547,
hsa03430,hsa03430,Mismatch repair,7/461,23/7946,0.000229603,0.00049867,0.000215253,EXO1/MLH1/MSH2/MSH6/PCNA/RPA1/RPA2,7,5.245873809,18
hsa04930,hsa04930,Type II diabetes mellitus,10/461,46/7946,0.00024096,0.000519278,0.000224149,IKBKB/IRS1/MAPK8/MTOR/PKM/TNF/PIK3CB/PRKCE/SOCS1/SOCS3,10,3.747052721,
hsa03420,hsa03420,Nucleotide excision repair,10/461,47/7946,0.000290505,0.000621234,0.000268158,CCNH/ERCC1/ERCC2/ERCC6/PCNA/RPA1/RPA2/CETN2/DDB2/XPC,10,3.667328195,19
hsa04360,hsa04360,Axon guidance,23/461,181/7946,0.000302198,0.000641306,0.000276823,ABL1/GSK3B/HRAS/ILK/ITGB1/KRAS/PTCH1/PTK2/RAC1/RAF1/RHOA/SRC/CAMK2A/CAMK2G/CDK5/NFATC2/NRAS/PAK1/PAK2/PIK3CB/PLCG2/PRKCA/SHH,23,2.190266176,
hsa04928,hsa04928,"Parathyroid hormone synthesis, secretion and action",16/461,106/7946,0.000368279,0.000775618,0.000334799,ATF2/BCL2/BRAF/CDKN1A/CREB1/EGFR/EGR1/GATA3/RAF1/RHOA/SP1/FGFR1/FOS/JUND/MAP2K1/PRKCA,16,2.601727172,
hsa04540,hsa04540,Gap junction,14/461,88/7946,0.000491484,0.001027313,0.000443445,CDK1/EGF/EGFR/HRAS/KRAS/RAF1/SRC/GJA1/GRM1/MAP2K1/MAP2K2/NRAS/PDGFA/PRKCA,14,2.742161309,
hsa04152,hsa04152,AMPK signaling pathway,17/461,120/7946,0.000522688,0.001084383,0.000468079,AKT1/CCNA2/CCND1/CREB1/IGF1/IGF1R/IRS1/MTOR/SIRT1/CCNA1/CD36/EIF4EBP1/FOXO3/LEP/PIK3CB/PPARG/STK11,17,2.441829356,
hsa05031,hsa05031,Amphetamine addiction,12/461,69/7946,0.000537755,0.001107377,0.000478004,ATF2/CREB1/JUN/SIRT1/ARC/CAMK2A/CAMK2G/FOS/FOSB/HDAC1/PPP1CC/PRKCA,12,2.997642177,
hsa05320,hsa05320,Autoimmune thyroid disease,10/461,53/7946,0.000800064,0.001635425,0.000705939,CD40/FAS/FASLG/HLA-DRB1/HLA-E/IFNA13/IL2/IL10/IL4/IL5,10,3.252158965,
hsa04371,hsa04371,Apelin signaling pathway,18/461,137/7946,0.000904149,0.001821401,0.000786216,AKT1/CCND1/CDH1/EGR1/HRAS/KRAS/MTOR/NOS2/PIK3C3/PLAT/RAF1/MAP2K1/MAP2K2/NOS3/NRAS/PRKCE/SERPINE1/SMAD2,18,2.264642082,
hsa04910,hsa04910,Insulin signaling pathway,18/461,137/7946,0.000904149,0.001821401,0.000786216,AKT1/BRAF/GSK3B/HRAS/IKBKB/IRS1/KRAS/MAPK8/MTOR/RAF1/EIF4EBP1/MAP2K1/MAP2K2/NRAS/PIK3CB/PPP1CC/SOCS1/SOCS3,18,2.264642082,
hsa04114,hsa04114,Oocyte meiosis,17/461,128/7946,0.001102328,0.002204656,0.00095165,AR/CCNE1/CDC25C/CDK1/CDK2/IGF1/IGF1R/MAPK14/PLK1/SMC1A/SMC3/CAMK2A/CAMK2G/CDC16/MAP2K1/PPP1CC/PTTG1,17,2.289215022,
hsa04024,hsa04024,cAMP signaling pathway,24/461,216/7946,0.001578489,0.003134428,0.001352991,AKT1/BRAF/CREB1/GCG/JUN/MAPK8/NFKB1/NFKBIA/POMC/PPARA/PTCH1/RAC1/RAF1/RHOA/CAMK2A/CAMK2G/EP300/FOS/LHCGR/MAP2K1/MAP2K2/PAK1/PIK3CB/PPP1CC,24,1.91516028,
hsa04612,hsa04612,Antigen processing and presentation,12/461,78/7946,0.001649536,0.003252277,0.001403861,CD4/CREB1/HLA-DRB1/HLA-E/HSP90AA1/HSPA4/IFNG/KLRC1/TNF/CALR/HSPA2/KIR3DL1,12,2.651760387,
hsa04061,hsa04061,Viral protein interaction with cytokine and cytokine receptor,14/461,100/7946,0.001785387,0.003495334,0.001508777,CCL4/IL2/IL24/IL6/TNF/CCL11/CCL8/CCR7/CXCL1/CXCL8/IL10/TNFRSF10A/TNFRSF10C/TNFRSF1A,14,2.413101952,
hsa04666,hsa04666,Fc gamma R-mediated phagocytosis,13/461,93/7946,0.002608441,0.005070955,0.002188902,AKT1/PTPRC/RAC1/RAF1/DNM2/LYN/MAP2K1/PAK1/PIK3CB/PLA2G4A/PLCG2/PRKCA/PRKCE,13,2.40939519,
hsa04623,hsa04623,Cytosolic DNA-sensing pathway,10/461,63/7946,0.003120404,0.006024114,0.002600337,CASP1/CCL4/IFNA13/IFNB1/IKBKB/IL1B/IL6/NFKB1/NFKBIA/TBK1,10,2.735943257,
hsa03030,hsa03030,DNA replication,7/461,36/7946,0.004060944,0.007785809,0.003360781,DNA2/PCNA/POLA1/RPA1/RPA2/FEN1/MCM3,7,3.351530489,20
hsa00480,hsa00480,Glutathione metabolism,9/461,56/7946,0.004552312,0.008668101,0.003741626,GCLC/GPX1/GSR/ODC1/RRM1/RRM2B/G6PD/GPX2/IDH1,9,2.770142547,
hsa04750,hsa04750,Inflammatory mediator regulation of TRP channels,13/461,100/7946,0.004943822,0.009349541,0.004035773,IGF1/IL1B/MAPK14/MAPK8/SRC/CAMK2A/CAMK2G/PIK3CB/PLA2G4A/PLCG2/PPP1CC/PRKCA/PRKCE,13,2.240737527,
hsa04725,hsa04725,Cholinergic synapse,14/461,112/7946,0.005146918,0.009667859,0.004173177,ACHE/AKT1/BCL2/CREB1/HRAS/JAK2/KRAS/CAMK2A/CAMK2G/FOS/MAP2K1/NRAS/PIK3CB/PRKCA,14,2.154555315,
hsa04120,hsa04120,Ubiquitin mediated proteolysis,16/461,136/7946,0.005269012,0.009830774,0.004243499,BRCA1/MDM2/PML/BIRC3/CDC16/DDB2/HERC2/KEAP1/PIAS1/PIAS4/PRPF19/SOCS1/SOCS3/UBE2K/UBE2L3/XIAP,16,2.027816767,
hsa05410,hsa05410,Hypertrophic cardiomyopathy (HCM),12/461,90/7946,0.005546741,0.010279959,0.004437392,ACE/ACTB/ACTG1/AGT/DES/IGF1/IL6/ITGB1/TGFB1/TNF/ITGA5/ITGA6,12,2.298192336,
hsa04672,hsa04672,Intestinal immune network for IgA production,8/461,49/7946,0.006650136,0.012243297,0.005284876,CD40/HLA-DRB1/IL2/IL6/TGFB1/IL10/IL4/IL5,8,2.814113064,
hsa05168,hsa05168,Herpes simplex virus 1 infection,42/461,491/7946,0.006724642,0.012299016,0.005308928,AKT1/BAK1/BAX/BCL2/BCL2L1/CASP3/CASP8/CASP9/CYCS/FAS/FASLG/HLA-DRB1/HLA-E/IFNA13/IFNB1/IFNG/IKBKB/IL1B/IL6/JAK2/MTOR/NFKB1/NFKBIA/PML/POU2F1/SRC/STAT1/TNF/TP53/BIRC3/CALR/DAXX/EIF2AK3/EIF4EBP1/ITGA5/PIK3CB/PPP1CC/SOCS3/TBK1/TNFRSF1A/TRAF2/ZNF443,42,1.474400378,
hsa04390,hsa04390,Hippo signaling pathway,17/461,154/7946,0.007755291,0.014091313,0.006082581,ACTB/ACTG1/APC/CCND1/CDH1/CTNNB1/GSK3B/MYC/TGFB1/BIRC5/BMP2/CRB2/PPP1CC/SERPINE1/SMAD2/SOX2/TP73,17,1.902724174,
hsa01523,hsa01523,Antifolate resistance,6/461,31/7946,0.007856738,0.014182943,0.006122133,DHFR/IKBKB/IL1B/IL6/NFKB1/TNF,6,3.336085648,
hsa04929,hsa04929,GnRH secretion,9/461,64/7946,0.010998737,0.019600314,0.008460567,AKT1/HRAS/KRAS/RAF1/MAP2K1/MAP2K2/NRAS/PIK3CB/PRKCA,9,2.423874729,
hsa04514,hsa04514,Cell adhesion molecules (CAMs),16/461,147/7946,0.010961194,0.019600314,0.008460567,CD2/CD4/CD40/CDH1/HLA-DRB1/HLA-E/ICAM1/ITGB1/PTPRC/CDH2/ITGA6/NCAM1/OCLN/SELE/SELP/VCAM1,16,1.876075376,
hsa04350,hsa04350,TGF-beta signaling pathway,11/461,94/7946,0.019685115,0.034856445,0.015045947,IFNG/MYC/RHOA/SP1/TGFB1/TNF/BMP2/E2F4/EP300/FST/SMAD2,11,2.017030507,
hsa05340,hsa05340,Primary immunodeficiency,6/461,38/7946,0.020943349,0.036849691,0.015906341,CD4/CD40/DCLRE1C/LCK/PTPRC/UNG,6,2.721543555,
hsa04146,hsa04146,Peroxisome,10/461,83/7946,0.021235771,0.03712921,0.016026997,CAT/NOS2/PIPOX/PRDX1/PRDX5/SOD1/SOD2/EPHX2/IDH1/XDH,10,2.076679821,
hsa04310,hsa04310,Wnt signaling pathway,16/461,160/7946,0.022991151,0.039947125,0.017243363,APC/CCND1/CTNNB1/GSK3B/JUN/MAPK8/MYC/RAC1/RHOA/TP53/CAMK2A/CAMK2G/CSNK2A1/EP300/NFATC2/PRKCA,16,1.723644252,
hsa04611,hsa04611,Platelet activation,13/461,124/7946,0.027222754,0.04700575,0.020290252,ACTB/ACTG1/AKT1/ITGB1/MAPK14/RHOA/SRC/LYN/NOS3/PIK3CB/PLA2G4A/PLCG2/PPP1CC,13,1.807046393,
